簇,核心词,意图,条目数,总搜索量,平均KD,包含条目
1,报名,信息型,2,34100,32.5,1. 中级经济师 报名条件；3. 中级经济师 报名入口
2,考试,信息型,2,25700,29.0,2. 中级经济师 考试时间；12. 中级经济师 考试 大纲 2026
3,准考,信息型,1,9900,25.0,4. 中级经济师 准考证打印
4,成绩,信息型,1,14800,32.0,5. 中级经济师 成绩查询
5,合格,信息型,1,6600,22.0,6. 中级经济师 合格标准
6,推荐,比较型,1,5400,45.0,7. 中级经济师 网课 推荐
7,培训,比较型,1,4400,48.0,8. 中级经济师 培训机构 排名
8,自学,信息型,1,3600,40.0,9. 中级经济师 自学 可以过吗
9,刷题,信息型,1,2900,42.0,10. 中级经济师 刷题 软件
10,真题,交易型,1,8100,33.0,11. 中级经济师 真题 下载
11,人力,信息型,1,2400,38.0,13. 中级经济师 人力资源 方向 难度
12,工商,信息型,1,1900,36.0,14. 中级经济师 工商管理 方向 难度
13,证书,信息型,1,5000,35.0,15. 中级经济师 证书 含金量
